Built,n,proportion
3.4.0,48,0.3333333333333333
3.4.1,12,0.08333333333333333
3.4.2,27,0.1875
3.4.3,57,0.3958333333333333
